"scenario","income","Rt","Vaccine","life_years_saved_med","life_years_saved_undiscounted_med","productive_life_years_saved_med","productive_life_years_saved_undiscounted_med","economic_productive_loss_med","economic_productive_loss_undiscounted_med","economic_lives_saved_med","economic_life_years_saved_med","economic_life_years_saved_undiscounted_med","life_years_saved_025","life_years_saved_undiscounted_025","productive_life_years_saved_025","productive_life_years_saved_undiscounted_025","economic_productive_loss_025","economic_productive_loss_undiscounted_025","economic_lives_saved_025","economic_life_years_saved_025","economic_life_years_saved_undiscounted_025","life_years_saved_25","life_years_saved_undiscounted_25","productive_life_years_saved_25","productive_life_years_saved_undiscounted_25","economic_productive_loss_25","economic_productive_loss_undiscounted_25","economic_lives_saved_25","economic_life_years_saved_25","economic_life_years_saved_undiscounted_25","life_years_saved_75","life_years_saved_undiscounted_75","productive_life_years_saved_75","productive_life_years_saved_undiscounted_75","economic_productive_loss_75","economic_productive_loss_undiscounted_75","economic_lives_saved_75","economic_life_years_saved_75","economic_life_years_saved_undiscounted_75","life_years_saved_975","life_years_saved_undiscounted_975","productive_life_years_saved_975","productive_life_years_saved_undiscounted_975","economic_productive_loss_975","economic_productive_loss_undiscounted_975","economic_lives_saved_975","economic_life_years_saved_975","economic_life_years_saved_undiscounted_975"
1,"HIC","History Based","100-Day Mission",21085193.2977205,30835977.7828766,10956170.8592315,18315650.8542216,597707268607.479,986679059354.938,14824501297852.1,9278421046816.9,6882493124760.03,17211246.8835886,24607556.8403744,7856915.80261444,12887795.364913,413469351144.895,678078519282.847,12092023951139,7382937886671.93,5371344627364.39,18976465.6167979,27450930.1682914,9444165.34746361,15548950.0644716,508460655430.321,836552754846.164,13471848463332.3,8144896898326.66,6034031607803.78,24965549.2934968,37763922.9563247,14261412.7124365,23784631.0599805,849323565639.356,1421132568414.4,17101901495239.9,11446792922752.9,8902084943852.79,26402248.9113743,40432759.2127977,15778949.3972503,26442459.2477682,949390974951.029,1595822935725.79,17696741904029.4,12144125012876.5,9585267899355.79
2,"HIC","Target Based","100-Day Mission",15202578.9373729,22125029.0116071,7964169.47107658,13246922.3752322,445761696908.192,743992854950.386,11229187487767.6,6920907778339.56,5100280628650.61,9789172.86933833,13951548.2412484,4527003.00297587,7532528.82821627,213616679783.332,357863417542.046,7284721923670.15,4008529816866.45,2872792146424.04,12941514.1067611,18667792.5145941,6354988.47992349,10505035.2120723,342487404533.306,564380476496.526,9564642359097.82,5622757289803.23,4142530114740.72,20346209.9857226,30823996.4069855,12026149.6498296,20045266.7671304,734684784213.589,1226887961564.78,14419472158793.6,9691378221433.23,7536856254725.58,22351451.1033398,34381476.8194781,13739085.1492504,23074815.8520469,858396391409.058,1444964421230.58,15423952213951.3,10682958215570.8,8443801008981.26
3,"HIC","Economic Based","100-Day Mission",13559960.8953338,19961898.1576249,7461123.57402835,12232938.8873605,435449367333.802,720747497329.08,9569840537306.66,6132466342169.09,4590326548346.03,9655450.47126603,13471289.4005082,4311719.482013,6990494.19423332,225270712833.092,366861368254.664,7014706788240.18,4079671585392.23,2940436523885.77,11926615.4040565,17177632.1369796,6079107.31542763,9893917.70254849,329514428262.847,534518292088.094,8619749813103.34,5213401789478.11,3817170574198.71,14997661.7688646,22067688.8534723,8607739.3985438,14220741.9659059,519024899191.79,863310310150.464,10909954336659.3,6919825352425.82,5288201486638.99,17343829.9270421,26148085.8703485,10258202.6761492,17072131.0759418,630299086782.167,1053279851075.64,12144989436094.7,8182713826046.04,6346613384795.63
4,"HIC","History Based","100-Day Mission & Manufacturing",25607582.9422161,37798750.8889183,13598355.369793,22473239.0542809,764977945576.989,1262016273355.47,18403826986796.8,11467679651698.7,8645653595025.75,21408457.146527,31071369.7991029,10265763.837077,16829237.4516374,546107939965.51,894976948985.613,15166090558993.8,9124483411591.03,6741747943477.27,23946025.0880224,34737480.5088021,11754980.8124834,19228115.6762112,648496583128.548,1059984647658.99,17639044264089.9,10523607544926.7,7789028458304.37,27251167.0639719,41145178.0362453,15620138.6466023,26036620.85082,909257377758.605,1518750657955.17,18647669305817.8,12326034365393.3,9518689481915.9,28456548.6145105,43422642.5710344,16936988.0439739,28343124.5811457,1002075622551.06,1681235175583.65,19009035916774.4,12931054912081.4,10187215543713.7
5,"HIC","Target Based","100-Day Mission & Manufacturing",22055753.6522776,32264106.5829267,11723283.9646481,19363303.5455315,672805619848.346,1110028414583.43,15980863324057.5,10031168686286.7,7511402129964.99,18903552.8020119,27133526.1693376,9227257.14737499,15105429.6376259,500712986442.979,821603781199.318,13864293441264.9,8175136777617.64,5999263699175.41,20466412.789384,29380373.4657238,10129675.0436115,16659459.412942,562491195566.173,920920464391.561,15376935194291.4,9180238131975.66,6716835967557.16,23677616.353945,35616910.6912462,13660190.6517665,22778371.8945732,808974034004.157,1351094244531.51,16754065025366.5,10846890534499.3,8320807239063.06,25568562.6072057,38797935.6433092,15291033.5989398,25596873.1191308,925806560791.412,1553342750996.25,17290865183337.8,11815499914819.7,9280745774396.64
6,"HIC","Economic Based","100-Day Mission & Manufacturing",22277643.5965016,32590850.2814894,11767947.8094272,19382991.2122397,670546292345.136,1104842824320.16,16145458163888.2,10066244567727.8,7552196683201.17,19063280.3202112,27339231.4766961,9239232.21701555,15065804.8919668,502321147804.488,817998305013.323,14111377271518.7,8308721490914.07,6080835284476.92,20740007.1537495,29740578.8578926,10284489.4276776,16781406.2693171,564356931223.539,923385342139.773,15438122138147.3,9195839058076.18,6782003773476.85,23692356.7845866,35480411.0677421,13728885.839664,22854308.2364129,805172999497.193,1344418666333.67,16732880543018.3,10807656754770.9,8309066925041.08,25750511.2540112,39215928.1962162,15529650.7652617,25955213.8149917,936742185807.884,1568798565135.38,17390949913253.9,11911704834027.8,9340298286714.25
7,"HIC","History Based","100-Day Mission & Infrastructure",25195264.3358436,37226421.566821,13479505.7717971,22269152.6943817,767759974467.176,1270069204995.16,18013986639230.1,11364694450164.6,8554150850779.35,20230985.7658131,28905444.4104473,9516467.06468083,15628272.2839035,494014974908.72,809513190788.84,14371232045555.6,8603418609408.37,6248396738493.91,23192597.874447,33458106.977185,11463370.3837815,18832482.8777461,628279276440.827,1026887661369.9,17062665652961.5,10319799637969.5,7595951348810.87,26936953.1590366,40864028.0884726,15551126.3481234,25917112.4769242,911012180949.557,1519560061098.99,18387541360283,12256650901155.6,9491466488074.43,28007532.5516289,42858589.0765141,16806106.2206839,28146014.5427207,1006702563583.94,1692140997799.91,18838224444499.7,12828698129691,10134663443752.7
8,"HIC","Target Based","100-Day Mission & Infrastructure",19968762.7685271,29510847.0293567,10823979.0839875,17907327.7694347,633881888745.287,1047495651489.96,14622139429002.9,9206115426109.81,6930454463734.15,16740590.8223602,23977071.5540341,8083135.113152,13211404.2495288,450681160928.639,734051979002.644,12790871884237.8,7529312462115.67,5516395113223.79,18348175.3149042,26452550.4055061,9213498.78770395,15157581.351863,519731525102.656,854500485227.518,13860108748316.4,8291689023551.19,6107957359399.33,21892109.0090735,33059937.5583949,12845524.0368603,21487956.0826908,778962047100.06,1302306012159.14,15432276368753.1,10269282916064.8,7918396288879.8,23936111.1156393,36760047.3120153,14726690.764333,24690152.4759231,910801741737.088,1530787284041.15,16255422988512,11351852975463.7,8959579541786.15
9,"HIC","Economic Based","100-Day Mission & Infrastructure",20829202.5793365,30478389.280222,11235434.2012921,18517178.2484413,650471122907.584,1070088759298.81,15070723549921.2,9487867888646.2,7147762173778.22,17619911.3168593,25116850.7238104,8400861.76126582,13737904.3135036,464023835522.363,755772581284.185,13104509007231.4,7839143792688.18,5724353239005.86,19164087.0599247,27623979.1836299,9544434.83012637,15629448.9549049,531019588916.032,871275124774.193,14353227556774.8,8552200779016.86,6280890594952.01,22248557.5538485,33529252.9360359,13020349.288671,21702495.4423079,769057958185.479,1280900085699.24,15571171247226.2,10241728472215.4,7900719412947.8,24810198.3965235,37961950.4561606,15220168.629716,25485998.4350629,925639795634.933,1552752112562.65,16783424571663.1,11605264158060.7,9155183810712.74
10,"HIC","History Based","100-Day Mission Total (Manu. & Infr.)",26920196.2680632,39616492.3443302,14354727.5151847,23700965.5547049,816668669201.213,1350115918009.32,19156344141044.5,12044093137002.2,9081015705495.13,23816255.1979506,34355298.1048635,11194309.831583,18263446.2905089,610779471869.315,992202529885.662,17312901880238,10388751931037.9,7635951394082.04,25377478.7496478,36869082.2021801,12611138.4521518,20613923.4353748,699298565024.659,1144112717600.29,18752201874921,11308583668437.5,8333493141881.52,28350583.7876365,42803129.2824946,16309365.001696,27198812.1923864,952074879976.723,1586817509908.77,19362323583866.2,12832569445272.1,9902057510100.68,29476404.4118296,44931837.7087928,17660137.2028001,29520809.9250733,1045153802623.84,1752776768646.93,19665418032625.6,13386444765065.1,10540333162343.9
11,"HIC","Target Based","100-Day Mission Total (Manu. & Infr.)",22951973.4292051,33652559.8989572,12304824.9886564,20334623.0921289,697099615814.047,1147084457104.95,16690049418357.3,10425958842403.9,7841050311098.42,20265566.5343404,29119902.0980834,9686183.41503422,15845505.7086022,531971796453.63,869740362629.304,14946267951883.2,8896331674038.29,6533307097941.5,21449379.8134236,30848601.9561931,10722010.7494118,17604112.2997633,599303477371.769,983145352242.172,16097163904954.6,9616604968830.16,7043006722686.97,24600762.7952799,37030747.0059115,14386324.5895954,24005273.1592384,852366366504.71,1426372441481.21,17347447321026.3,11392235404319.2,8770637033636.14,26391781.6962584,40109941.713778,15854977.1602858,26538412.2554652,963015047462.804,1613743448001.44,17831180399257.6,12211886901957.6,9583311817842.66
12,"HIC","Economic Based","100-Day Mission Total (Manu. & Infr.)",23434777.1256466,34460488.8795386,12557638.1832671,20720586.4337447,706536953877.844,1166360070272.38,17090918408502.3,10619658092653.2,7944731106424.14,20798233.3571601,29846077.4235392,9996728.55262269,16270095.4113231,546338441061.378,889967447365.615,15302902469139.8,9075603403410.65,6634372344718.77,22060744.5508343,31667436.6813291,10894643.8086867,17905647.7496278,609364700246.927,996450207327.412,16404165917747.5,9839038813309.47,7219644219320.34,25237782.9417891,38062659.4115159,14737021.1885317,24503667.595738,870344929628.224,1455252836357.56,17597651189554.9,11595671871832.2,8960511414509.07,26808455.5626749,40856042.3486505,16367204.7050743,27384092.5353912,980590688456.474,1641781614487.25,18088454349420.1,12398436090898.5,9723364947690.5
1,"LIC","History Based","100-Day Mission",3775037.64782981,5605245.80397693,2515684.09665193,3910257.70903033,5564252887.76949,8678859243.57338,18956762158.3499,10826971188.3402,7875797337.63389,3357677.35090168,4906683.5973539,2143828.2716484,3310772.7035451,4777954225.22128,7410035657.07047,17390908469.5481,9656446694.57943,6933066566.57679,3618475.25272535,5363352.24779551,2407933.312516,3716365.18310975,5361086500.11568,8359991512.95705,18309342468.0318,10484510500.3578,7612527602.21787,4005934.1646542,5995163.12904204,2724973.81837158,4223191.52727134,6047572110.95402,9415774285.92734,19844951388.0151,11506969820.3847,8411717783.43602,4289480.39489515,6400508.77548222,2938201.00017392,4572380.63220718,6526873051.36668,10253210479.393,21117073657.3704,12351301718.7912,9071166658.3133
2,"LIC","Target Based","100-Day Mission",-501541.9245827,-1154032.81091153,-700222.013072991,-1229409.53649556,-1354869334.80458,-2327125539.72435,983788182.546617,-868354425.11722,-1214911563.80608,-2357586.57444043,-4073915.54737346,-2121783.49096858,-3493982.74494782,-4261174533.14846,-7057572430.07512,-7180217263.24517,-6324639838.68995,-5358208375.59379,-1029723.90409593,-1985674.90952935,-1122611.19097796,-1870445.72558089,-2092856029.91364,-3549355214.29252,-933523485.401282,-2105637180.71826,-2211507901.25994,65027.6022562582,-240614.52085247,-214162.015836567,-420316.247381523,-208533709.067549,-522898061.688931,3865134183.34714,1031372350.08218,281149963.136196,687347.972127574,770366.134023841,235344.00684854,307904.847966513,965310605.342382,1402035365.22869,6974352982.23878,3065876259.19507,1890740093.79608
3,"LIC","Economic Based","100-Day Mission",2417057.37306156,3446691.59722581,1521084.49075582,2313360.67605547,3407589628.63827,5226257088.20533,13322097668.1271,7044922645.0269,4912992896.4824,1210397.02581947,1494508.5488538,499839.710632693,634024.801828375,1151265739.34428,1516790679.70225,8006713073.36278,3623377487.73414,2183914655.84676,1995206.28938674,2759037.7145369,1167548.06550153,1740409.2736517,2646963049.27849,3966225127.96596,11296001662.0176,5670901707.69082,3870967656.09014,2783915.76162592,4035649.36048163,1798443.99793664,2774302.36355284,4088217722.35602,6330703307.75397,14978873954.7246,8428411793.96197,6043218604.7203,3282936.66075179,4847612.58923109,2209525.97388373,3402267.14538584,4944226119.15182,7676410209.74059,17219043021.9345,9847832003.75188,7110870834.45722
4,"LIC","History Based","100-Day Mission & Manufacturing",6780335.2510512,10039654.2978083,4589805.92349235,7125355.39732588,10049489234.9319,15643118280.6679,33306344060.1888,19224584642.9393,14005321424.2107,5930799.40917595,8772096.9499762,3994347.73153882,6111041.00790188,8682153884.47394,13372442168.0591,28908197084.9977,16623686857.3552,11974104832.4203,6472789.97428828,9542503.55529474,4328024.67296661,6679870.75669555,9476346878.69068,14701774839.1999,31440426078.6638,18090013534.9688,13076475237.8808,7063204.6594636,10522733.6531185,4875957.5075959,7611420.85319948,10740385922.8673,16888325174.3373,34599705633.8659,20275373847.1708,14832395825.6059,7642347.82967672,11554636.7034753,5358540.09877337,8428213.44746339,11790707929.2946,18679609434.6463,36290930419.0577,21761707269.7241,16146979732.7014
5,"LIC","Target Based","100-Day Mission & Manufacturing",2476597.80972488,3152000.73616068,1305290.16651198,1851693.07127415,3676094737.58486,5345046340.77191,17069916481.2279,8515453472.09056,5534023517.45691,518476.994187258,-19929.5587802182,-118909.018542139,-546051.82728969,412343723.512702,-55951648.7762955,10244914528.579,3463970117.0636,1445725236.52617,1970262.70503817,2337128.88697891,908440.07588292,1184768.51114408,2975409352.03712,4157250162.61895,15814077387.9142,7527106030.72091,4808044172.79971,2928463.97451945,3910965.32620052,1754797.34235118,2528299.12903437,4260545862.54079,6284635957.41317,18952989561.6265,9653607087.13441,6393822962.89325,3854587.53559105,5428151.38234273,2484917.6117916,3744364.69701774,5978197258.30099,9125979853.61793,22351525563.8644,12450040513.5351,8719135738.89024
6,"LIC","Economic Based","100-Day Mission & Manufacturing",3478592.93330599,4877942.75824128,2252119.34659107,3358352.96941787,5425339611.38866,8226346707.25905,20637778483.4908,11274441853.5286,7825321584.78374,1998255.32572622,2502677.78078103,1097774.51731022,1438131.8660697,3102179474.53621,4280899534.61856,13430958517.419,6496116946.45439,4050345390.4203,3000957.3303575,4069797.56444614,1866177.7666538,2701609.07672931,4561822403.92509,6854228804.10236,18686389285.0928,9864471908.20916,6697441617.20554,3802660.49341915,5403327.07724713,2527420.1818935,3771202.58189213,6326029310.48689,9642272034.97744,22914432454.3436,12828091794.5919,8983389266.39733,4558353.34841869,6618491.1287845,3084800.6977949,4724895.90289267,7508860084.5695,11707803891.7762,26614491074.3457,15181704146.7738,10886712989.427
7,"LIC","History Based","100-Day Mission & Infrastructure",7438761.90323556,11167202.0349822,5210395.64943965,8090871.60617192,11198682747.3022,17559322746.3792,34557051326.0052,20475022683.0236,15058212663.5442,6704244.9859229,9952249.19927881,4612469.81999537,7101640.62771966,9841844156.65475,15241995588.6843,30898088586.0083,18258940690.2709,13311055805.3081,7194700.11398223,10699931.3091338,4985887.73280974,7730506.11400729,10635067241.1395,16515278199.305,33331675560.2256,19578705185.3609,14334378521.0327,7669282.29473927,11548050.8003927,5441948.33388125,8506612.08502052,11719966037.066,18413691852.5115,35636241223.3336,21340562399.6785,15724966604.5527,8082903.01172684,12304089.2189076,5823325.24853122,9158045.65110094,12627539692.341,19997000556.9622,36883304310.0633,22662726525.8117,16914179229.1919
8,"LIC","Target Based","100-Day Mission & Infrastructure",4277686.07017091,6057294.63262438,2903482.82561049,4378376.70055935,6092488140.254,9211898669.89435,21368465209.1736,11801330536.3475,8219901435.7171,2846540.374268,3745053.72063886,1846289.88677727,2602497.20435966,3654768880.22599,5149073975.183,14915305846.3089,7355300410.87848,4654771070.00865,3830465.19029129,5355252.0503411,2649305.3621262,3959466.14164837,5592108850.86653,8343237912.13374,19634514998.7877,10643536211.129,7355664829.5604,4612493.89787984,6620130.71450588,3169876.42832292,4796299.7206246,6777030666.281,10298477814.0203,22908353746.0751,12786621092.9434,9061132889.58718,5280830.24909532,7727753.23843199,3739698.5667237,5729032.85770322,7949207861.68531,12249870526.2698,25540305232.3207,14752444484.6885,10540312901.8309
9,"LIC","Economic Based","100-Day Mission & Infrastructure",5811214.36692913,8588180.7304845,4099887.34107658,6286033.98835516,8655026373.19354,13319826536.2668,27294455417.8002,15820496535.8748,11360257322.2216,4876015.24678298,7106781.4704025,3371746.32785404,5136654.56788853,6979963748.96335,10600694585.6756,20895100531.5038,12107860163.0495,8624064689.67569,5534464.99528643,8130324.37213448,3882348.280908,5937964.68935653,8084261592.13345,12469528611.1499,25246493905.2317,14530413332.2219,10435233598.1106,6033590.98409908,8916909.70036835,4280840.25838812,6579344.33768981,9156700815.24081,14268918321.9669,28449089120.1148,16836736128.2668,12275553388.1244,6606166.19250609,9834528.71885142,4694011.64141467,7264111.36783834,10408930149.0927,16190853897.2677,31278309881.9414,18801339166.7786,13817044801.785
10,"LIC","History Based","100-Day Mission Total (Manu. & Infr.)",9108541.24746343,13599335.4613091,6325243.34093333,9835061.24118672,13463701137.2442,21098412834.0053,42554088675.5333,24828898949.3654,18190014720.2962,8126139.50888358,12036355.6895187,5630982.66951721,8675197.24115792,11678698660.782,17979068771.7477,37519573985.8118,21486210012.6133,15482554809.2938,8811192.98560634,13143990.564743,6029463.41063668,9355154.89779644,12802683754.5411,19868263779.9492,41064511146.4553,23886570963.2179,17367281643.1654,9445221.97639078,14211366.1211788,6617347.18292358,10350195.6722153,14204648599.6453,22347618692.506,43533150887.7179,25942587817.8541,19207096883.8903,9865123.30428138,14958116.6783701,7053113.99159301,11111585.8056237,15308883486.6289,24300854915.323,44898277234.9178,27468579223.0711,20516302692.0572
11,"LIC","Target Based","100-Day Mission Total (Manu. & Infr.)",7304235.42062611,10687017.8797769,5130378.15210672,7847147.28196525,10801508048.906,16646110760.0941,34519077515.1332,19817209937.573,14186432024.0984,5929602.17517155,8375714.70655291,4032663.29541283,6031867.78978077,8693355442.24346,13118271312.4781,29142033039.2866,16035643982.3166,11117512097.8851,6912906.85633437,10014739.4069707,4785445.06502624,7269756.79275294,10094005217.5768,15374130422.6646,33339964136.6299,18748693402.8881,13266407101.3438,7538610.43309451,11091823.4696621,5364293.17974258,8260857.86319396,11654615522.7014,18130049882.2391,36072354780.4774,21067128019.1416,15266079808.8888,8209067.93085055,12305311.7119284,5949429.40271064,9302656.63056833,13040974146.929,20494775544.3058,38581426709.8527,23227797774.0101,17124712079.7981
12,"LIC","Economic Based","100-Day Mission Total (Manu. & Infr.)",7920716.04692018,11719485.0225949,5533305.932359,8554780.46317369,11751084306.5226,18216988726.2739,37052028510.1452,21354663205.4058,15519710754.3437,6919055.56887687,10051410.442193,4806518.19409364,7333743.13310805,10209419635.9098,15637392883.8877,32963151614.1012,18930376667.0843,13525990021.5962,7539866.51082884,11063326.1636058,5222911.68800901,8000174.19246264,11029982527.7666,16976534983.6368,35407584339.0285,20312138691.621,14601892899.984,8308018.33744334,12384280.4671484,5908447.6073352,9191829.92219228,12624402072.1415,19763076472.3265,39089093838.8299,22946652091.6491,16817036716.0579,8879273.25130731,13414275.949881,6417633.19691454,10076240.6897789,14252172622.564,22646982355.1722,41466430088.4836,25353309608.4906,18931033641.0275
1,"LMIC","History Based","100-Day Mission",89035341.0166759,132085769.986677,61835322.9808042,96653080.776391,508982925820.377,797072616535.048,5516674548362.87,3481926294143.92,2645675428258.77,58004440.7455477,88640390.4447785,44725890.4041017,69977225.2478348,388244591661.281,605534168843.92,3674099025744.29,2448650587528.95,1892494945289.32,71179338.1109837,106309676.61073,52681533.9987151,82108762.1699382,440042385179.284,690609128508.234,4390478033056.58,2865981304788.64,2162421376576.79,96155150.8489938,146631261.631764,71745920.8812163,114231152.866383,577699080779.932,916713259571.546,5680251916112.11,3721077373607.8,2874038471010.95,100711781.363088,155849371.097323,77318565.8025876,123223590.216354,618505110438.06,986226274160.724,5831312161621.91,3903812055560.06,3049068699724.33
2,"LMIC","Target Based","100-Day Mission",44654920.9375074,64092826.6198347,33245977.3613096,51145813.9782708,302708922008.159,470840581071.228,3041189924452.55,1946514686999.16,1454856000434.99,21570019.5931871,28831051.8620408,17143337.1318184,25798972.6552972,179279994829.954,273527093969.943,2060023846039.47,1221918585465.39,873597036358.759,37230420.3281214,52425133.9295775,27234296.3269119,40409070.2206113,254596549558.661,391810395515.826,2750734872243.83,1721847029034.54,1261684964320.35,53228920.3138999,79501851.0098265,41431404.9418371,64769160.5010259,357664290599.041,561514643630.348,3389114974376.08,2184642350219.07,1671462987960.95,69032299.1743501,105134093.727881,52772690.6681243,83785947.9889166,438471972039.576,697241669490.037,4148603692986.89,2713285893699.04,2089318864711.44
3,"LMIC","Economic Based","100-Day Mission",72790834.0019403,107848575.850396,51640741.8627675,81158404.4095003,435313697210.168,684100752052.51,4645435096518.18,2912910186493.87,2207800260645.74,49979989.0487357,73184006.4282947,37557465.6389644,58376751.7000488,330899120244.954,516733481630.073,3233261434252.29,2102237876039.58,1595239881346.47,58774180.1237209,88216865.2585476,45120209.3406432,69913400.7141097,384158318629.684,602245071254.123,3830984704041.83,2416566615868.34,1836563509354.07,84406938.7318667,128397392.360395,62701821.8554305,99475131.1155718,515865702367.589,820462637380.971,5010890498007.07,3302943693300.38,2564537331781.52,90922304.9821508,140380631.807286,70462692.3016393,112371673.809789,568469071184.87,905850492965.923,5229035516608.68,3524887537092.98,2754845302483.29
4,"LMIC","History Based","100-Day Mission & Manufacturing",104844220.842644,156293094.735513,73631668.0901935,115383218.211867,598497691421.431,942383251698.034,6503402324577.97,4085382395293.74,3094947721117.82,59169304.8272686,90570650.9009219,46340421.4539076,72885320.6853096,399988050711.611,628221990724.131,3881097964051.74,2554106350339.52,1959099354139.74,101626738.827234,149824895.971705,68618437.5797204,106237344.030437,559497445775.256,869426737328.904,6387240281279.72,3939114329473.27,2954835425072.65,109496816.373184,167378454.371327,81113421.6627452,128553324.799943,654113957737.122,1039655129772.84,6556311651030.86,4239834900549.19,3272457618720.14,114114205.031959,175956706.109073,86728198.0841564,137945635.007128,694523642554.528,1105375648357.3,6701455057792.93,4411622405801.04,3434544383284.4
5,"LMIC","Target Based","100-Day Mission & Manufacturing",78936677.6888688,116048094.60173,54548753.9012084,84349854.1211327,463039298127.341,722753654470.044,5169241417080.08,3177807269384.46,2375803968179.64,27861954.5934345,40756320.0072085,24602145.0334517,37908900.7611125,238489404507.328,369802826023.451,2107850067141.16,1405758604314.31,1060905534842.8,62444312.2468807,90779514.0463575,45066434.5757853,69294946.7089482,390966914073.72,597507903978.519,4149016205140.3,2588251769526.13,1937907849997.84,85719387.7165038,126762429.121576,61550455.3541122,97302544.6267391,518338352731.538,813123065586.497,5488422521206.42,3432996794420.81,2615631950204.23,95138871.0215893,145042301.70575,72147783.4684781,114700091.742834,589925620765.908,938291401171.292,5734051793875.23,3760745492185.49,2912670291638.77
6,"LMIC","Economic Based","100-Day Mission & Manufacturing",91018798.1212221,134467174.958481,61900195.4018142,95819906.2449182,521606687394.796,808786863338.184,5849184696731.19,3652897034395.02,2736980645032.28,59336424.3230069,89293056.2162312,45551247.7487952,71360028.9764009,403895130128.949,632375167430.926,3953573164169.38,2596444046306.85,1978413960674.7,70359781.4795891,106364212.655024,52736995.896563,82629441.0844427,451599104750.242,710231990275.902,4641102760029.6,2951001947222.38,2270002960761.96,96775634.9995824,146705411.101243,71005923.4908733,112594264.067455,592642499941.117,941850783093.162,6011906612242.68,3885311964425.61,2994359408865.35,104282583.669565,160024162.854963,79003200.7223611,125862517.941094,647430536549.758,1031987471754.14,6213660202842.8,4112039591456.37,3211454019337.81
7,"LMIC","History Based","100-Day Mission & Infrastructure",98832899.0383101,150037782.70392,72005557.3009626,113048892.581346,584453622068.475,918435067479.783,6064076668094.94,3860815260518.6,2962208720207.95,56452771.9256372,85621786.2239716,43178683.1964226,68514950.6573384,384444831379.939,611638060169.212,3761022888072.86,2472785749065.47,1901710870881.95,94134708.8983673,140201281.954906,64802805.5962812,100774718.521009,530170689696.118,830267137833.549,5948691418010.99,3703041322849.86,2780817555229.43,104090683.424089,159339708.766445,77922619.7241085,123520996.114242,622901460832.273,989604355424.969,6163001740462.74,4020183603741.07,3107049047508.71,108224187.2383,167278572.225108,82872244.7943096,131868702.6666,661618216864.695,1053343535206.19,6273384741614.65,4176598504017.54,3258623786151.89
8,"LMIC","Target Based","100-Day Mission & Infrastructure",74212731.6090719,109590511.219632,52409009.0180979,80728941.9145407,443662454824.985,690413712737.343,4769446833902.3,2995175392121.06,2241813861048.85,49148010.9877679,71743801.4764878,35923472.0138655,55629710.806132,306044407574.671,477360240540.231,3081683189622.44,1992739904070.44,1503302416632.38,60693788.8812511,89614966.277433,45490709.1312461,70784641.8801291,391702171904.678,605618493650.664,4127392719830.11,2566119812326.88,1961442248608.36,83853595.0844048,126276955.8955,61814116.1300993,97604668.5121319,516086328423.124,813448330525.61,5082848298530.6,3327161713890.68,2567864855819.22,92112797.462496,141216508.232277,70474285.2754089,112226654.965494,576111462378.498,917707384587.364,5406508429852.33,3645348165745.59,2847203951163.18
9,"LMIC","Economic Based","100-Day Mission & Infrastructure",86989572.0083321,130234717.681719,61190507.4877398,95171878.7942897,508155643609.878,792677874861.806,5431599790932.08,3490174714657.54,2622041364614.51,56143127.6295763,82806926.1864413,40992773.5186415,64051079.5690197,365624571530.972,574046992252.508,3709525809216.83,2456802395078.43,1856393537818.02,71090760.7009424,105716528.066746,52194567.0738534,81733257.1612329,442246718967.188,694562763052.24,4565679107007.47,2922976800694.77,2211968897454.65,94152546.5233888,143980807.611823,71268162.5545011,113010205.38003,581502647531.273,924678053827.253,5693124397963.45,3719866758534.37,2870231235307.87,100826142.144668,155787700.949038,77907085.6268761,124118937.88809,625966578984.077,996924757431.501,5876971339194.54,3935358811619.68,3066073731061.1
10,"LMIC","History Based","100-Day Mission Total (Manu. & Infr.)",110155122.820303,165523057.29042,78154705.4956006,122669166.141328,629838659798.027,991648110413.914,6811057342645.54,4287608737399.12,3255210829716.08,66408750.1572124,100191837.861025,50949912.3468544,80124313.0201882,434757630289.548,683305702071.096,4385251556174.12,2825342724386.48,2150993835216.25,106736681.830608,157232425.742595,72235101.3161305,112337561.529438,591199527884.779,920670361377.942,6718155008881.55,4165681686044.41,3123957365852.43,114445546.469505,174940631.145818,84740328.449156,134436954.378951,685718683348.071,1087556230424.49,6861010842341.4,4446806221752.74,3435193478896.11,118985794.907304,183340551.91211,90429678.980505,143783403.844782,723718892059.671,1152332367298.26,6986486721422.74,4596330990554.58,3578498070953.21
11,"LMIC","Target Based","100-Day Mission Total (Manu. & Infr.)",95587304.9758766,140799548.037683,66029465.2801691,102085352.216387,540349010978.645,839134049676.26,5900754133592.84,3710305414427.28,2791034352721.37,56847133.7023766,85856469.0048185,45633437.1678537,71341010.9144906,383637980732.746,599429972199.82,3636720077883.35,2381862118602.08,1808734142935.03,76901468.4222538,114942749.811365,57265967.2479735,89286277.6132849,483431707592.526,754653351587.45,4843456889943.39,3116482356343.73,2366214199107.55,102733798.314819,155403000.251322,75656738.6252877,120022482.907472,615113286707.617,973103231535.883,6215231370961.77,3963430392022.71,3041761440974.43,109356781.603394,167730973.928095,83674595.8543562,132999639.403997,669140041001.835,1064206830895.15,6383795757926.97,4237650335647.4,3289534731998.87
12,"LMIC","Economic Based","100-Day Mission Total (Manu. & Infr.)",103607646.819201,153987122.308135,71261648.4515139,110995095.76502,586624549245.637,915574356108.184,6430524449809.29,4046132295378.86,3065318237894.24,62429896.2042077,94880181.2694269,49415211.3778654,77656249.5125995,426588276152.25,669426045229.381,3979860110675.43,2684271765733.15,2062591533627.69,78090443.5196702,115878858.293798,56278284.3363043,88048090.45363,474408591451.391,740279941432.375,5065880242007.31,3207597767907.48,2432087158899.74,109382027.049862,166692234.979474,80856498.2000885,128179296.067472,653516031968.099,1038350864333.69,6563621862350.06,4266004640394.1,3285275023647.82,113547363.482477,174807956.870623,86655445.2122992,137979313.226241,700536982069.963,1116339114260.16,6688847739732.6,4419510014507.62,3436404764790.43
1,"UMIC","History Based","100-Day Mission",31786242.1821199,48158515.3914849,21762216.8594692,34959947.6795733,437071539732.704,703294592265.612,5843668501236.48,3837873767612,2944168927761.77,27817158.9373825,41895029.2857674,18533131.1224369,29522697.2857333,360434282725.929,576095100383.222,4992778306209.26,3232290891188.24,2450358027262.41,29985377.3978898,44778389.6498852,20080032.3615021,32331314.7993284,397463306531.38,640591181788.227,5536334334338.44,3555822370384.23,2685502656459.31,34039205.6856265,51744558.4790873,23531565.3234847,38160617.8208166,503604273491.668,810781407616.882,6332486234137.26,4321894436639.52,3370157680691.74,39023615.9782375,60319843.3718036,28374709.4859501,46256282.9027905,617144741045.115,1002878909009.86,7398576968240.12,5199976921093.04,4136635695494.43
2,"UMIC","Target Based","100-Day Mission",15197239.1238707,21856908.5618365,10059827.4639228,15686440.6368388,200086067193.513,311775684627.437,2996269301339.27,1855119002029.67,1371691141477.02,8700246.54360875,12335001.9719434,5858292.59900262,8922480.57259197,101958041165.352,157375653071.058,1260964692156.2,744053939528.677,507438254112.199,12721676.7566851,17968111.7704795,8361001.96355478,13038711.0313228,156998491421.941,238969917632.781,2483644677536.48,1510514925828.31,1068682229012.4,17793426.3637836,25946639.9176564,11894579.7941494,18869139.1604453,259885914815.152,408627569123.811,3674905763761.62,2345479424467.88,1782914736300.62,22804870.166079,34094758.1654798,16523721.101411,26571994.521789,360402376164.971,571730605367.635,4539217248287.77,3147497841963.63,2454769926566.95
3,"UMIC","Economic Based","100-Day Mission",24759963.9675843,37060440.5167674,17156473.7084569,27424224.7464685,354847245989.688,568412443936.851,4831723997214.19,3154567891795.7,2394146237129.35,19457517.2926635,28722882.2121132,13520564.610109,21464385.7359118,269812885548.941,425955026155.163,3646578652762.98,2326117519708.42,1734547999151.13,23114578.3246587,34617651.8012266,15885376.7142805,25456434.8639579,325626250654.624,518831701029.339,4442939878296.33,2850840188509.88,2158726954320.73,27387259.552001,40924727.1140388,19206604.986307,30987910.4402557,423942201476.436,678363898776.386,5361737479679.55,3626262725446,2836918849785,31225790.9230812,47910265.8804825,22849122.7427327,37042669.5305014,496584867756.233,800672746285.513,6098191314053.38,4195789538376.82,3282115940990.48
4,"UMIC","History Based","100-Day Mission & Manufacturing",36823756.3463715,55883937.2640884,24668746.5247472,39964632.037262,473345518686.966,765640199757.262,6638429731496.65,4268037134126.58,3303809145881.02,31350516.8629864,46983282.2099952,20013051.3671508,32194091.8513253,363742819573.108,581217742269.548,5207231725237.78,3329752468489.19,2537953604299.61,34401043.9828197,51588686.2516108,22674429.3442391,36371958.1390307,431025168883.476,691602727621.353,6157546874629.81,3929934358431.52,2957831431539.17,39997640.0131406,60482520.4352729,27233044.7091785,44144202.7343612,573400271751.59,924274984076.152,7349738639348.18,4939186669924.74,3860112369712.16,46282508.5682258,71085689.5708569,32694457.4000133,53139866.0578617,711405818683.553,1156439467573.35,8876679100789.76,6140862729805.26,4897770707203.46
5,"UMIC","Target Based","100-Day Mission & Manufacturing",24974131.822305,36900374.4488617,16641135.341497,26743324.3718011,314763774450.664,498609340424.968,4513986889152.81,2859736917449.47,2142408975587.99,16753468.918214,24458040.4702134,11470621.3956066,17481604.8239401,167940170484.681,242985287345.644,2185656692280.68,1342837137229.7,992943545251.28,21992220.5100205,31700175.5121446,14234017.8557106,22606388.7427239,261908722566.596,411837848733.743,3649508052095.1,2321802853125.59,1739058081047.67,27905158.3233553,41439261.5792436,19297998.5038789,30773062.561296,412635632393.028,656669366991.394,5376472756391.3,3568472660295.86,2771593893301.67,33917626.988592,51601023.7899087,24536266.297717,39733280.1892746,543581235196.424,877553133668.436,6575106153413.55,4589603130865.52,3617120342833.35
6,"UMIC","Economic Based","100-Day Mission & Manufacturing",31507983.9888512,47540853.8211074,21564104.9119519,34666745.2386139,422539671316.649,678437797920.489,5758300158226.22,3764880776128.72,2852332635160.2,25969051.4155028,38602832.215533,16826834.1661752,26722538.1327059,300975474435.076,479043175555.985,4175631996995.91,2756829700268.02,2082279760992.24,29222262.0649557,43561094.7059267,19590972.5032614,31398135.5153028,377729089717.33,604618047912.999,5181860297426.05,3325254450757.21,2529812167351.89,34089255.257655,51555840.4799108,23658038.5570625,38219952.8662164,508829975483.939,820068304159.633,6452376184822.95,4397531779786.76,3425798002760.66,36698817.9387464,56334361.3286112,26713224.6187158,43578177.4006864,581154649602.596,946663272842.694,6987635364554.49,4830558789457.37,3836442591367.51
7,"UMIC","History Based","100-Day Mission & Infrastructure",37860349.4825621,57554971.9169414,25670873.0010238,41316247.2924465,516964239507.727,836182070721.584,7095821834082.23,4625051379970.15,3556374371187.66,33924872.1844629,50274496.3436971,21636208.7121287,34436851.456789,429123014476.339,680356844418.371,6214572976973.9,3987561053109.67,3020543931532.01,35799654.0322908,53740994.7630417,23703152.3450662,38120072.9050216,470900761589.071,758590022827.604,6762033804768.17,4294964006925.24,3259170567965.89,40739156.086264,61885459.9831832,28151520.6712965,45692855.9843158,614640142163.001,989194874526.077,7800904060883.1,5272511363076.86,4120324810856.56,47590130.337017,73373069.6038339,34255863.9494455,55729971.959119,767401695907.483,1244856224452.18,9409601658251.3,6582827457131.87,5247741995844.66
8,"UMIC","Target Based","100-Day Mission & Infrastructure",25670208.2089212,38386681.241322,17418594.6627157,27917873.1205562,337344827337.889,535458447865.235,4715380845636.27,3023190366211.31,2246357501364.68,19060505.8432032,27294416.7218237,12197431.0922175,19209246.9154448,218901011119.352,338992388310.845,3118724627114.06,1940295046723.86,1419396126680.78,23188396.7819995,34395166.034935,15657039.8117771,24930824.0272594,291004915443.084,462320270088.522,4150618242577.57,2598260353627.77,1918798313525.06,28895509.768366,42898827.1769021,20088822.9971736,31978784.9313016,434661930945.077,687234742976.885,5723566715108.96,3823161453117.78,2948802501734.87,36106160.0919572,54732884.0701387,26065042.7143398,41992223.2865553,582562316454.49,931827416246.918,7250280949385.67,5034527893486.97,3950445146735.18
9,"UMIC","Economic Based","100-Day Mission & Infrastructure",32520525.4472172,49276194.4086976,22540014.9494368,36257349.640321,456473324698.927,734435879032.278,6171023941202.69,4028896693363.16,3066707634369.22,27087697.4375698,40144691.9054616,18384700.4537656,29124141.3187976,365940116535.053,579581726183.142,5036159419498.8,3245108421350.91,2466937247319.79,30814847.2029102,46208380.2087882,20751295.559128,33226195.2872111,419901255762.893,673564629760.925,5875636986154.85,3787094697663.76,2870104356471.43,35173319.2159159,53130616.9510634,24942004.9250449,40296539.4208003,560633500593.607,900402441231.317,7082215045242.73,4845655283207.22,3805395674576.1,40019785.7839429,61622767.3326239,29091077.8602611,47267651.4722982,643210013767.44,1040832049321.69,7703632141402.32,5401357146746.24,4275667499119.3
10,"UMIC","History Based","100-Day Mission Total (Manu. & Infr.)",41424838.9786976,62421113.5917159,27618107.1622105,44505768.5205662,548309290362.755,878087054534.493,7666505772528.98,4939292858509.54,3804945197559.84,35620088.0476297,53152218.6504668,22850077.863771,36615225.3312585,418521015731.051,664387052761.458,6273327633002.88,3923186449754.98,2983899838115.13,38762223.9191379,58169698.1083856,25583480.1579128,40764516.3863813,489116567782.265,780243462708.462,7228116189106.17,4543844061889.86,3430576117938.76,44098179.7240515,66628536.0324778,30322204.3833837,48876165.8922691,646585032093.826,1039333869261.07,8513896894334.19,5725529121700.55,4453173134768.84,50595551.4729624,77639447.572941,36106493.2946363,58540551.1543204,793110684199.573,1286175272153.09,9802774291223.07,6851558175655.65,5467918210616.37
11,"UMIC","Target Based","100-Day Mission Total (Manu. & Infr.)",30423276.2453764,45626975.3737295,20778444.6858975,33465211.8733228,391898143163.558,628032089533.524,5486188254582.87,3423734257230.4,2583153994171.9,22987715.1455202,33577926.218183,14601301.6461872,23085095.2247341,243644759671.734,379871133934.145,3456440217150.4,2192046627731.46,1648881141666.22,27805357.7697831,40810771.3734311,18203730.116508,28993541.4281408,337390695120.568,530339731038.387,4838392878842.51,3029097624888.43,2256404188324.54,34282705.738702,51485046.3604696,24183265.6969953,39032980.0581334,505424120674.78,804813963074.027,6524012331680.01,4454004288383.81,3420470535916.48,39176434.2428808,59251555.9268963,28177388.2735046,45523899.5067806,621976468677.579,1003604295501.17,7558074152832.45,5265226065602.46,4162239312343.6
12,"UMIC","Economic Based","100-Day Mission Total (Manu. & Infr.)",35938019.1800579,53748569.5402294,24519729.3293118,39173797.798132,485389709934.312,777265890207.396,6712000125757.25,4371167550546.28,3308107548833.68,29520503.4523254,43268160.9627524,19266386.7920887,30732610.5150584,356046413441.565,560017148008.812,5076289492502.23,3228540736824.8,2406890339689.01,33824824.273467,50129962.6949617,22408384.4665184,36052505.0243532,436504748359.613,699156024835.696,6246741874061.96,3972247512314.1,2988044484628.86,39595822.0413489,60008428.8853081,27622844.123337,44406617.3524017,601576115114.227,969252602511.012,7652682594678.73,5233538796240.95,4081408752149.62,43263789.8476236,66239946.2394292,31335200.9590385,50809027.881149,674697633838.841,1093170396573.83,8216042730365,5693802466118.65,4514686909680.13
